{
    "Mission Time": {
        "start": "19700101 000233064",
        "finish": "19700101 000325072"
    },
    "RoundingReport": {
        "timestamp": "19700101 000319152",
        "arrival": {
            "try": true,
            "success": true,
            "distance": 0.014601677106532403
        },
        "areaMapping": {
            "areas": [
                {
                    "areaId": 1,
                    "level": 2,
                    "correct": true,
                    "lost_item": "letter",
                    "num": 1
                },
                {
                    "areaId": 2,
                    "level": 1,
                    "correct": false,
                    "lost_item": "",
                    "num": 1
                },
                {
                    "areaId": 3,
                    "level": 4,
                    "correct": false,
                    "lost_item": "",
                    "num": 1
                },
                {
                    "areaId": 4,
                    "level": 3,
                    "correct": false,
                    "lost_item": "",
                    "num": 1
                }
            ]
        }
    },
    "FoundReport": {
        "timestamp": "19700101 000325072",
        "cameraAngle": 109.78619040357958,
        "distance": 1.2642360746850283,
        "try": true,
        "isInArea": false,
        "success": false
    },
    "Illegal": false,
    "TimeBonusN": 500,
    "OasisZoneN": 0.014697056423445893
}