{
    "Mission Time": {
        "start": "19700101 000221688",
        "finish": "19700101 000314056"
    },
    "RoundingReport": {
        "timestamp": "19700101 000308136",
        "arrival": {
            "try": true,
            "success": true,
            "distance": 0.012464547264845438
        },
        "areaMapping": {
            "areas": [
                {
                    "areaId": 1,
                    "level": 1,
                    "correct": false,
                    "lost_item": "item_name",
                    "num": 1
                },
                {
                    "areaId": 2,
                    "level": 3,
                    "correct": false,
                    "lost_item": "",
                    "num": 1
                },
                {
                    "areaId": 3,
                    "level": 2,
                    "correct": false,
                    "lost_item": "",
                    "num": 1
                },
                {
                    "areaId": 4,
                    "level": 4,
                    "correct": false,
                    "lost_item": "",
                    "num": 1
                }
            ]
        }
    },
    "FoundReport": {
        "timestamp": "19700101 000314056",
        "cameraAngle": 107.26345126042968,
        "distance": 1.2558825555803619,
        "try": true,
        "isInArea": false,
        "success": false
    },
    "Illegal": false,
    "TimeBonusN": 504,
    "OasisZoneN": 0.014830491986686081
}