{
    "Mission Time": {
        "start": "19700101 000232312",
        "finish": "19700101 000405344"
    },
    "RoundingReport": {
        "timestamp": "19700101 000358760",
        "arrival": {
            "try": true,
            "success": true,
            "distance": 0.01081462160348928
        },
        "areaMapping": {
            "areas": [
                {
                    "areaId": 1,
                    "level": 1,
                    "correct": true,
                    "lost_item": "coin",
                    "num": 1
                },
                {
                    "areaId": 2,
                    "level": 4,
                    "correct": true,
                    "lost_item": "shell",
                    "num": 1
                },
                {
                    "areaId": 3,
                    "level": 2,
                    "correct": true,
                    "lost_item": "fossil",
                    "num": 1
                },
                {
                    "areaId": 4,
                    "level": 3,
                    "correct": true,
                    "lost_item": "letter",
                    "num": 1
                }
            ]
        }
    },
    "FoundReport": {
        "timestamp": "19700101 000405344",
        "cameraAngle": 141.27567161446598,
        "distance": 1.2143494097029404,
        "try": true,
        "isInArea": false,
        "success": false
    },
    "Illegal": false,
    "TimeBonusN": 894,
    "OasisZoneN": 0.007481900037867031
}