{
    "Mission Time": {
        "start": "19700101 000231328",
        "finish": "19700101 000323096"
    },
    "RoundingReport": {
        "timestamp": "19700101 000317176",
        "arrival": {
            "try": true,
            "success": true,
            "distance": 0.012787323297652236
        },
        "areaMapping": {
            "areas": [
                {
                    "areaId": 1,
                    "level": 1,
                    "correct": false,
                    "lost_item": "item_name",
                    "num": 1
                },
                {
                    "areaId": 2,
                    "level": 3,
                    "correct": false,
                    "lost_item": "",
                    "num": 1
                },
                {
                    "areaId": 3,
                    "level": 2,
                    "correct": false,
                    "lost_item": "",
                    "num": 1
                },
                {
                    "areaId": 4,
                    "level": 4,
                    "correct": false,
                    "lost_item": "",
                    "num": 1
                }
            ]
        }
    },
    "FoundReport": {
        "timestamp": "19700101 000323096",
        "cameraAngle": 131.99285723211008,
        "distance": 1.2068293102209973,
        "try": true,
        "isInArea": false,
        "success": false
    },
    "Illegal": false,
    "TimeBonusN": 497,
    "OasisZoneN": 0.01454410293579305
}