{
    "Mission Time": {
        "start": "19700101 000221000",
        "finish": "19700101 000313168"
    },
    "RoundingReport": {
        "timestamp": "19700101 000307272",
        "arrival": {
            "try": true,
            "success": true,
            "distance": 0.011526295077000105
        },
        "areaMapping": {
            "areas": [
                {
                    "areaId": 1,
                    "level": 3,
                    "correct": false,
                    "lost_item": "item_name",
                    "num": 1
                },
                {
                    "areaId": 2,
                    "level": 1,
                    "correct": false,
                    "lost_item": "",
                    "num": 1
                },
                {
                    "areaId": 3,
                    "level": 2,
                    "correct": false,
                    "lost_item": "",
                    "num": 1
                },
                {
                    "areaId": 4,
                    "level": 4,
                    "correct": false,
                    "lost_item": "",
                    "num": 1
                }
            ]
        }
    },
    "FoundReport": {
        "timestamp": "19700101 000313168",
        "cameraAngle": 175.55669967577606,
        "distance": 3.804538604469273,
        "try": true,
        "isInArea": false,
        "success": false
    },
    "Illegal": false,
    "TimeBonusN": 502,
    "OasisZoneN": 0.014325740081337095
}